DailyRate,DistanceFromHome,EnvironmentSatisfaction,JobInvolvement,JobSatisfaction,MaritalStatus,NumCompaniesWorked,OverTime,StockOptionLevel,TotalWorkingYears,TrainingTimesLastYear,WorkLifeBalance,YearsAtCompany
1102,1,2,3,4,Single,8,Yes,0,8,0,1,6
279,8,3,2,2,Married,1,No,1,10,3,3,10
1373,2,4,2,3,Single,6,Yes,0,7,3,3,0
1392,3,4,3,3,Married,1,Yes,0,8,3,3,8
591,2,1,3,2,Married,9,No,1,6,3,3,2
1005,2,4,3,4,Single,0,No,0,8,2,2,7
1324,3,3,4,1,Married,4,Yes,3,12,3,2,1
1358,24,4,3,3,Divorced,1,No,1,1,2,3,1
216,23,4,2,3,Single,0,No,0,10,2,3,9
1299,27,3,3,3,Married,6,No,2,17,3,2,7
809,16,1,4,2,Married,0,No,1,6,5,3,5
153,15,4,2,3,Single,0,Yes,0,10,3,3,9
670,26,1,3,3,Divorced,1,No,1,5,1,2,5
1346,19,2,3,4,Divorced,0,No,1,3,2,3,2
103,24,3,2,3,Single,5,Yes,0,6,4,3,4
1389,21,2,4,1,Divorced,1,No,1,10,1,3,10
334,5,1,4,2,Divorced,0,Yes,2,7,5,2,6
1123,16,4,4,4,Divorced,1,Yes,2,1,2,2,1
1219,2,1,2,4,Married,2,No,0,31,3,3,25
371,2,4,3,4,Single,5,Yes,0,6,3,3,3
673,11,1,4,3,Divorced,0,No,1,5,5,2,4
1218,9,3,2,1,Single,7,No,0,10,4,3,5
419,7,1,3,2,Single,0,No,0,13,4,3,12
391,15,3,3,4,Single,1,No,0,0,6,3,0
699,6,2,3,1,Single,2,No,0,8,2,3,4
1282,5,3,3,3,Divorced,4,No,1,26,3,2,14
1125,16,2,1,1,Single,1,Yes,0,10,5,3,10
691,8,3,3,2,Married,0,No,1,10,2,3,9
477,7,1,2,4,Married,3,No,1,24,4,3,22
705,2,2,3,1,Single,3,No,0,22,2,2,2
924,2,3,3,4,Single,4,No,0,7,3,3,1
1459,10,4,3,4,Married,2,Yes,0,9,5,4,4
125,9,4,2,3,Single,1,No,0,10,5,3,10
895,5,4,3,4,Married,3,No,1,19,6,4,1
813,1,2,3,4,Married,2,Yes,1,6,2,2,2
1273,2,4,4,3,Divorced,1,No,2,6,3,2,5
869,3,1,2,3,Married,1,Yes,0,3,2,3,3
890,2,4,3,4,Married,1,No,0,2,3,3,2
852,5,2,2,1,Married,9,Yes,1,6,3,4,1
1141,1,3,4,1,Married,2,No,2,10,3,3,5
464,4,3,3,4,Divorced,1,No,1,1,3,3,1
1240,2,4,3,1,Divorced,1,No,1,1,6,3,1
1357,25,1,1,3,Single,1,No,0,1,2,2,1
994,8,4,3,3,Single,1,No,0,9,0,3,9
721,1,3,3,4,Single,1,No,0,12,2,3,12
1360,12,2,3,3,Married,1,No,0,23,0,3,22
1065,23,2,3,3,Single,0,No,0,10,2,3,9
408,19,2,3,2,Married,4,No,0,8,1,3,1
1211,5,1,3,4,Single,4,Yes,0,14,4,3,9
1229,8,4,4,4,Married,1,No,0,1,2,3,1
626,1,1,2,3,Single,9,Yes,0,23,2,3,1
1434,5,3,3,3,Single,1,Yes,0,2,3,2,2
1488,1,2,3,1,Divorced,5,Yes,1,9,2,2,4
1097,11,3,2,1,Married,2,Yes,1,10,3,3,4
1443,23,3,2,4,Married,7,Yes,1,5,2,2,2
515,1,1,3,4,Single,1,Yes,0,15,1,3,15
853,18,2,3,1,Married,1,No,1,9,3,2,9
1142,23,3,3,1,Married,3,Yes,1,4,3,3,2
655,7,4,3,4,Divorced,3,No,1,10,3,2,7
1115,1,1,2,3,Divorced,1,No,1,7,2,4,7
427,1,1,3,4,Married,1,Yes,1,9,3,3,9
653,29,4,3,4,Single,1,No,0,10,2,3,10
989,7,2,2,3,Divorced,5,Yes,1,29,2,2,27
1435,25,1,3,1,Single,7,No,0,28,3,2,21
1223,8,3,3,3,Divorced,1,No,3,17,2,3,17
836,8,4,3,3,Divorced,2,Yes,3,21,2,3,5
1195,11,2,2,2,Single,1,No,0,6,3,3,6
1339,7,2,3,1,Divorced,2,No,1,25,2,3,1
664,1,2,3,1,Married,4,No,1,5,2,2,3
318,9,4,2,3,Married,0,Yes,1,2,0,2,1
1225,1,1,2,3,Single,7,No,0,20,2,2,4
1328,2,3,3,2,Married,0,No,1,6,3,3,5
1082,1,3,3,2,Single,1,No,0,1,4,3,1
548,1,2,3,2,Married,1,No,2,10,3,3,10
132,6,2,4,4,Married,3,No,0,5,3,3,1
746,8,3,3,4,Single,1,No,0,11,2,3,11
776,1,3,2,1,Single,0,No,0,16,2,3,15
193,6,4,3,1,Married,4,Yes,0,17,3,4,0
397,7,1,3,3,Single,4,No,0,16,3,4,5
945,5,2,3,2,Divorced,8,Yes,1,16,2,3,4
852,1,4,2,4,Married,1,Yes,2,10,1,2,10
1214,1,2,2,3,Single,1,No,0,6,3,3,6
111,1,1,3,4,Married,3,No,1,24,4,3,1
573,6,2,1,4,Divorced,7,Yes,3,17,3,3,13
1153,1,1,3,2,Married,1,No,0,5,2,3,5
1400,7,4,1,4,Single,4,No,0,37,3,2,6
541,2,3,3,1,Divorced,3,No,1,3,3,3,0
432,9,4,3,4,Married,3,No,2,10,4,3,4
288,2,3,2,4,Married,1,No,3,11,3,3,11
669,9,3,2,4,Single,1,No,0,9,3,3,9
530,1,3,2,2,Married,1,No,1,22,3,2,22
632,21,3,3,4,Single,0,Yes,0,11,2,1,10
1334,4,3,2,2,Divorced,1,Yes,3,11,4,2,11
638,1,3,2,1,Married,2,Yes,1,21,5,2,10
1093,6,2,3,3,Single,1,No,0,12,0,3,11
1217,2,1,3,3,Married,9,No,1,16,5,1,4
1353,3,1,3,3,Married,0,No,1,4,2,2,3
120,4,2,3,3,Married,1,No,0,5,3,4,5
682,10,4,3,3,Single,0,No,0,38,1,2,37
489,23,2,3,2,Married,4,No,1,17,3,4,3
807,6,3,3,1,Divorced,4,Yes,0,7,3,3,3
827,1,4,3,1,Single,1,No,0,1,2,3,1
871,6,4,2,4,Single,1,Yes,0,1,5,3,1
665,6,1,3,3,Single,1,No,0,16,3,3,16
1040,2,3,2,4,Divorced,5,No,1,17,2,4,1
1420,2,3,2,4,Married,9,No,1,30,3,3,3
1115,1,1,3,2,Married,3,Yes,0,28,1,2,8
240,5,3,2,3,Single,1,Yes,0,6,1,3,6
1280,7,4,2,4,Married,1,No,2,2,2,3,2
534,15,2,3,4,Single,1,No,0,1,5,3,0
1456,1,1,2,1,Single,3,No,0,23,1,2,13
658,7,1,1,3,Single,1,Yes,0,9,3,3,9
142,26,4,4,4,Single,2,Yes,0,23,3,3,5
1127,18,2,3,3,Married,0,No,1,6,2,3,5
1031,6,3,2,2,Divorced,6,No,1,12,3,3,1
1189,3,3,3,4,Single,2,No,0,12,3,3,5
1354,5,3,2,1,Single,2,No,0,14,6,3,11
1467,11,2,3,4,Married,0,No,1,10,6,3,9
922,3,1,3,4,Divorced,5,No,1,7,2,3,1
394,26,3,3,4,Married,1,Yes,2,25,3,4,25
1312,23,1,1,3,Divorced,1,No,3,10,2,2,10
750,22,3,3,2,Married,0,No,1,8,2,4,7
441,14,2,3,2,Married,9,Yes,3,7,2,3,5
684,6,1,3,3,Single,7,No,0,23,5,3,20
249,6,2,1,3,Married,4,Yes,0,12,3,2,7
841,6,3,2,2,Married,1,No,0,5,3,2,5
147,23,4,3,4,Married,1,No,1,40,3,2,40
528,22,4,3,3,Single,1,Yes,0,0,2,2,0
594,2,3,3,4,Married,0,No,1,3,2,3,2
470,20,3,3,1,Married,1,No,0,16,2,2,15
957,28,2,4,3,Single,4,No,0,18,2,3,3
809,12,3,3,4,Single,4,No,0,16,3,3,2
542,20,2,1,3,Married,3,Yes,1,4,2,3,2
802,9,3,3,3,Divorced,3,Yes,1,12,2,3,9
1355,25,3,3,3,Married,1,No,1,8,3,3,8
216,6,2,3,2,Divorced,6,No,2,7,0,3,3
1150,8,1,1,4,Single,2,No,0,18,2,3,4
1329,4,4,2,3,Married,4,No,1,17,1,4,15
959,28,1,2,3,Married,2,No,0,6,3,3,2
1240,9,3,3,4,Married,0,Yes,0,12,2,1,11
1033,9,1,3,1,Single,7,No,0,10,2,4,5
1316,29,3,3,4,Single,5,No,0,9,2,2,6
364,3,4,3,3,Single,3,Yes,0,19,2,3,3
438,18,1,3,3,Single,1,No,0,5,4,2,5
689,9,4,1,4,Divorced,0,No,3,9,2,4,8
201,5,4,3,1,Divorced,5,No,1,8,3,3,3
1427,2,2,2,4,Single,0,No,0,6,3,3,5
857,10,4,2,1,Divorced,4,No,1,21,2,2,7
933,9,3,3,1,Married,2,No,1,7,2,3,5
1181,3,2,3,2,Single,1,No,0,1,3,3,1
1395,26,2,3,2,Divorced,1,No,1,20,2,3,20
662,1,3,3,2,Married,1,No,2,10,3,3,10
1436,6,2,3,3,Married,2,Yes,1,13,3,1,7
194,9,2,3,2,Divorced,8,No,1,20,2,1,17
967,8,2,3,4,Single,1,No,0,9,2,3,9
1496,1,4,3,3,Married,1,No,1,10,1,3,10
1169,7,2,2,3,Married,2,No,0,10,2,3,1
1145,9,2,2,2,Married,4,Yes,1,9,3,2,1
630,4,3,2,4,Married,7,No,1,15,2,2,12
303,2,3,3,3,Married,6,No,1,6,3,3,4
1256,19,3,3,4,Married,1,No,2,2,6,3,2
691,9,4,3,2,Divorced,6,No,1,6,1,1,2
440,21,3,3,4,Married,1,No,1,5,2,1,5
334,24,3,4,4,Divorced,3,Yes,1,12,2,1,5
1450,3,3,2,3,Divorced,1,Yes,1,1,2,2,1
1452,11,3,3,2,Single,3,No,0,21,5,3,5
465,14,1,3,3,Divorced,4,No,1,13,2,3,9
1339,5,2,3,4,Married,2,No,1,12,2,3,10
702,1,1,2,4,Single,4,No,0,12,2,4,8
120,6,3,3,3,Single,3,No,0,8,2,3,5
1157,17,3,3,2,Married,0,Yes,1,6,3,2,5
602,1,3,1,1,Single,0,No,0,1,5,4,0
1480,3,4,3,2,Single,4,No,0,13,3,2,8
111,9,3,3,1,Divorced,1,No,2,12,4,3,12
1268,4,3,3,1,Divorced,4,Yes,1,9,3,4,5
713,8,3,3,1,Divorced,4,Yes,1,19,3,3,2
134,2,3,3,4,Single,0,No,0,4,2,4,3
303,2,2,2,4,Single,1,No,0,1,3,2,1
526,1,2,3,1,Divorced,1,No,3,24,2,3,24
1380,9,3,3,4,Single,1,No,0,2,3,3,2
140,12,3,3,4,Married,8,Yes,1,7,0,3,4
629,27,4,3,2,Single,2,No,0,9,3,3,3
1356,20,2,3,2,Single,1,Yes,0,4,5,2,4
328,1,3,2,3,Married,2,No,1,5,2,2,3
1084,13,4,4,1,Divorced,1,No,2,5,3,3,4
931,14,4,3,2,Married,1,No,1,8,5,3,8
989,4,4,3,3,Married,1,No,1,21,2,3,20
692,14,3,4,2,Single,8,No,0,36,3,3,24
1069,2,4,2,3,Married,1,No,0,10,2,2,10
313,3,4,3,2,Single,3,No,0,21,6,3,7
699,1,3,2,3,Married,0,No,1,34,5,3,33
894,9,4,3,2,Single,1,No,0,7,2,2,7
556,23,2,2,3,Married,3,Yes,0,8,1,3,1
1344,7,4,4,4,Divorced,4,No,3,7,3,4,5
1195,2,1,2,4,Married,9,No,1,22,1,3,20
290,21,2,4,1,Married,1,Yes,1,8,3,2,8
138,2,2,3,2,Single,5,No,0,10,5,3,6
926,21,3,3,3,Divorced,2,No,1,11,5,3,5
1261,2,4,3,3,Married,9,No,0,14,3,3,1
1084,29,4,3,4,Married,3,No,1,9,3,1,7
472,1,3,2,1,Married,5,No,1,6,1,3,2
1002,18,4,3,4,Divorced,1,Yes,2,7,0,3,7
878,10,4,3,3,Divorced,1,Yes,1,5,4,4,5
905,19,3,3,4,Married,8,Yes,1,15,2,4,7
1180,29,2,3,1,Married,7,Yes,0,17,2,3,1
121,27,2,3,4,Married,1,No,3,10,3,2,10
1136,5,4,4,2,Divorced,1,Yes,1,4,2,2,4
635,18,2,3,4,Single,1,No,0,8,2,3,8
1151,9,4,2,4,Married,9,No,1,5,5,1,3
644,1,4,3,1,Divorced,7,No,1,17,3,3,4
1045,4,4,1,4,Married,1,No,0,14,2,2,14
829,1,3,2,3,Single,1,No,0,12,2,3,11
1242,20,4,3,3,Single,1,No,0,7,2,3,7
1469,8,2,2,2,Married,5,No,2,16,5,1,10
1005,3,4,3,1,Single,5,Yes,0,8,5,3,5
896,6,4,3,4,Single,3,Yes,0,16,3,3,1
334,26,3,2,1,Single,5,No,0,9,5,2,6
992,1,3,3,3,Single,0,No,0,7,1,2,6
1052,6,4,2,4,Single,6,No,0,23,2,3,19
1147,3,4,3,1,Married,2,No,1,16,4,3,6
1396,5,4,3,2,Single,8,No,0,16,3,4,13
147,4,3,2,2,Married,6,No,0,7,3,3,3
663,11,2,3,4,Divorced,1,Yes,3,10,1,3,10
119,3,1,3,3,Divorced,0,No,2,17,6,2,16
979,1,3,1,3,Married,0,No,1,6,2,3,5
142,3,3,2,4,Married,3,No,1,7,6,3,1
319,4,1,3,4,Divorced,4,No,1,13,2,3,9
1413,1,2,3,4,Married,1,No,1,11,5,3,11
944,1,3,3,3,Single,1,No,0,10,3,4,10
896,18,3,2,4,Single,1,Yes,0,4,3,2,4
1323,2,3,2,4,Single,7,No,0,6,3,2,2
532,4,3,3,4,Married,1,No,0,22,3,3,22
818,6,2,3,3,Married,8,No,0,7,2,2,2
854,1,4,3,4,Divorced,3,No,1,32,3,2,7
813,14,3,3,4,Married,5,Yes,1,8,2,1,5
1034,16,4,3,4,Married,5,Yes,1,22,3,3,17
465,2,1,3,1,Married,7,No,0,13,3,4,9
771,2,1,2,3,Single,1,Yes,0,33,2,4,33
1401,4,3,3,2,Married,2,No,1,6,5,3,4
515,1,4,2,3,Single,0,Yes,0,4,2,1,3
1431,1,3,3,3,Divorced,7,No,3,7,1,3,3
976,26,3,3,4,Married,0,No,0,4,2,3,3
1411,19,3,3,1,Divorced,2,No,2,17,2,2,1
1300,24,1,3,4,Divorced,1,No,2,9,3,3,9
252,1,3,4,4,Married,0,No,1,25,2,3,24
1327,3,2,3,3,Divorced,9,No,1,9,3,3,2
832,5,3,2,4,Married,1,No,1,2,2,2,2
470,2,4,2,1,Married,6,No,1,13,3,3,11
1017,1,3,2,1,Married,2,No,1,17,2,2,3
1199,7,1,4,3,Married,4,No,1,9,1,3,3
504,10,1,3,3,Divorced,6,No,2,17,5,3,1
505,2,3,3,3,Single,0,No,0,20,1,3,19
665,15,3,3,4,Single,1,No,0,6,1,3,6
916,17,4,4,1,Single,3,Yes,0,10,1,3,3
1247,20,4,3,4,Divorced,2,No,1,10,2,3,3
685,1,1,3,3,Married,0,No,2,5,3,3,4
269,2,4,2,1,Divorced,0,Yes,1,10,4,3,9
1416,2,1,3,3,Divorced,0,No,1,22,5,3,21
833,1,3,3,4,Married,1,No,0,1,0,2,1
307,29,3,2,2,Single,0,No,0,6,2,4,5
1311,7,2,4,2,Married,1,No,0,5,3,1,5
1327,2,4,2,4,Married,3,No,1,13,0,3,8
128,2,4,2,1,Single,4,No,0,9,5,3,6
488,2,3,1,2,Married,3,Yes,1,28,2,2,7
529,2,1,3,3,Single,2,No,0,5,5,1,0
1210,2,1,2,2,Married,2,No,2,10,2,3,0
1463,23,2,2,4,Married,0,No,1,10,2,3,9
675,5,2,4,1,Divorced,1,No,2,6,2,3,6
1385,20,3,3,4,Married,0,Yes,0,21,2,3,20
1403,6,4,3,4,Married,0,No,1,16,4,3,15
452,1,4,3,1,Single,0,Yes,0,37,2,3,36
666,29,1,3,2,Married,1,Yes,1,10,2,2,10
1158,9,4,3,4,Married,1,No,1,5,3,2,5
228,6,3,3,4,Married,4,No,1,7,5,4,5
996,3,4,2,3,Single,1,No,0,3,4,4,3
728,1,1,3,4,Divorced,2,Yes,2,15,2,3,5
1315,22,2,4,2,Divorced,7,No,1,10,6,2,7
322,7,1,4,1,Divorced,1,Yes,1,8,3,3,8
1479,1,3,3,2,Divorced,1,No,1,6,6,1,6
797,4,1,3,2,Divorced,3,No,2,28,4,2,10
1070,3,3,3,3,Married,3,Yes,3,21,5,2,5
635,1,2,3,3,Married,1,No,0,20,3,3,20
442,2,2,3,4,Single,1,No,0,10,3,2,10
147,20,2,3,4,Married,3,Yes,1,12,4,3,10
496,11,1,3,1,Married,1,Yes,1,5,3,3,5
1372,1,4,3,4,Single,1,No,0,17,3,3,17
920,24,4,3,3,Divorced,3,Yes,1,19,0,1,1
688,23,4,3,4,Divorced,9,No,1,10,2,3,2
1449,16,1,3,2,Divorced,2,Yes,1,5,2,3,3
1117,8,4,3,4,Single,1,No,0,5,3,3,5
636,10,3,3,1,Single,9,Yes,0,22,4,3,3
506,3,3,3,2,Single,4,No,0,10,2,3,8
444,5,4,3,2,Divorced,1,No,1,2,5,2,2
950,4,4,2,4,Single,1,Yes,0,8,0,3,8
889,9,2,3,4,Married,1,Yes,3,4,3,2,4
555,26,3,3,2,Married,5,No,1,23,2,4,20
230,3,3,3,3,Single,1,No,0,0,2,3,0
1232,16,3,3,2,Married,0,No,2,12,3,2,11
566,18,3,4,4,Married,4,No,2,4,2,3,1
1302,2,4,1,2,Divorced,5,No,1,13,3,3,4
334,2,4,3,2,Single,1,No,0,22,2,3,22
812,10,4,2,3,Single,1,No,0,0,2,3,0
1476,16,2,4,1,Single,0,No,0,9,2,3,8
218,7,2,4,4,Married,4,No,1,10,3,2,8
1132,1,3,4,4,Divorced,0,No,3,19,5,2,18
1105,24,2,3,2,Married,7,No,1,11,3,3,9
906,7,4,2,3,Married,1,No,1,13,3,2,13
849,25,1,2,2,Married,3,No,1,19,2,3,10
390,1,4,1,3,Divorced,2,Yes,1,12,2,3,5
691,5,3,3,4,Married,0,Yes,1,6,4,3,5
106,2,1,2,1,Married,3,No,0,9,1,3,2
1249,7,1,3,1,Divorced,1,No,1,24,2,3,24
192,2,3,3,4,Divorced,0,Yes,1,3,2,1,2
553,5,4,3,2,Married,6,No,2,12,2,3,10
117,10,3,3,1,Married,1,Yes,0,21,3,3,21
185,10,3,3,4,Single,0,No,0,9,5,3,8
1091,1,3,2,3,Single,7,Yes,0,25,2,3,7
723,8,3,2,2,Married,2,No,0,11,3,2,8
1220,5,3,3,2,Single,1,Yes,0,4,2,2,4
588,8,3,2,2,Married,1,Yes,0,13,2,3,13
1377,2,4,3,3,Single,1,Yes,0,5,3,3,5
691,7,4,3,4,Divorced,4,No,3,13,3,3,7
1018,2,1,4,4,Single,7,No,0,10,0,2,7
1157,2,1,1,4,Married,5,Yes,0,5,4,2,3
1275,28,4,3,4,Married,1,No,2,11,2,3,10
798,7,3,2,3,Married,1,No,1,10,2,3,10
672,7,3,2,4,Married,1,No,1,21,2,3,21
1162,3,4,3,3,Married,4,Yes,0,12,3,2,1
508,10,2,2,4,Single,3,No,0,9,6,2,7
1482,5,4,3,3,Married,4,No,1,21,2,3,3
559,10,3,2,3,Divorced,1,No,1,9,3,4,9
210,1,3,3,2,Married,0,Yes,1,6,0,3,5
928,20,4,3,3,Single,3,No,0,20,4,2,4
1001,7,3,3,1,Married,8,No,1,10,1,2,1
549,8,4,3,4,Married,9,No,2,12,3,3,10
1124,1,2,1,4,Married,2,Yes,3,6,2,2,4
318,8,2,1,1,Married,1,Yes,0,7,4,2,7
738,9,2,2,4,Single,0,No,0,4,2,3,3
570,5,4,2,3,Divorced,1,No,3,10,2,3,10
1130,8,2,3,2,Married,1,No,1,8,3,3,8
1192,5,4,3,4,Divorced,7,No,2,8,2,2,6
343,15,3,2,4,Divorced,0,Yes,1,12,3,3,11
1232,7,3,3,4,Single,1,Yes,0,11,2,2,11
144,10,4,2,2,Divorced,1,Yes,2,7,2,3,7
1296,5,3,3,2,Single,0,No,0,17,5,3,16
1309,26,3,3,4,Divorced,1,No,2,4,2,2,4
483,6,4,2,2,Single,6,Yes,0,8,3,3,5
1309,4,2,3,3,Single,3,No,0,5,3,3,0
810,23,1,3,4,Single,2,No,0,16,2,3,1
746,2,4,3,3,Married,1,No,1,4,3,2,4
544,2,3,3,3,Divorced,0,Yes,1,4,5,3,3
1062,2,3,3,2,Married,1,No,1,8,4,3,8
530,29,1,3,3,Married,3,No,1,15,3,1,0
1319,6,3,4,1,Divorced,4,Yes,2,13,2,3,7
641,25,4,3,3,Married,7,Yes,1,4,2,4,2
933,1,3,3,3,Married,1,No,1,8,3,3,8
1332,2,1,2,4,Single,3,No,0,14,6,3,1
756,1,1,2,2,Single,1,Yes,0,3,3,3,3
845,1,4,3,4,Single,4,No,0,7,6,3,1
541,3,1,2,4,Married,4,No,1,16,2,3,13
593,1,4,3,3,Married,2,No,0,15,2,3,3
1171,10,4,4,3,Married,3,Yes,1,10,3,3,7
895,9,1,3,4,Single,1,No,0,3,3,2,3
350,5,4,3,3,Single,1,Yes,0,1,2,3,1
921,10,3,3,1,Married,6,No,1,17,3,3,5
1144,7,3,3,3,Married,2,No,0,7,2,4,1
143,4,1,3,2,Single,1,No,0,8,5,3,8
1046,10,4,2,4,Single,6,No,0,20,2,3,4
575,22,3,2,3,Married,2,Yes,2,8,6,3,6
408,9,3,2,2,Single,0,Yes,0,3,5,3,2
156,12,3,4,2,Single,1,No,0,1,0,3,1
1283,23,4,3,4,Single,9,No,0,6,4,3,3
755,9,3,2,2,Single,9,No,0,10,5,3,1
1469,1,4,3,2,Divorced,1,No,1,5,2,3,5
304,9,2,3,4,Single,1,No,0,7,1,3,7
1261,7,2,2,3,Single,8,No,0,26,2,3,5
1178,14,3,3,4,Married,4,No,1,18,2,2,7
329,2,4,3,3,Married,4,No,1,6,3,3,2
1362,19,1,4,4,Single,8,Yes,0,9,3,2,5
1311,2,3,3,4,Single,2,Yes,0,30,2,3,5
1371,10,4,3,3,Divorced,1,Yes,1,5,2,4,5
202,2,3,3,2,Married,1,No,1,1,3,3,1
575,3,3,3,1,Single,0,No,0,7,2,3,6
253,11,1,3,2,Married,1,No,1,2,1,3,2
164,2,2,2,3,Married,1,No,2,10,2,3,10
464,4,3,3,4,Single,9,Yes,0,3,4,3,1
1107,14,4,3,1,Divorced,1,No,1,18,2,2,18
759,2,4,3,2,Divorced,7,No,2,8,5,3,5
201,1,2,3,1,Divorced,3,No,1,8,5,3,5
1305,10,3,3,2,Single,2,Yes,0,18,2,2,1
982,12,1,2,2,Divorced,1,No,1,25,3,3,25
555,2,2,2,3,Married,6,No,1,20,3,3,1
821,5,1,3,1,Married,4,No,1,24,4,2,4
1381,4,3,3,3,Married,9,No,1,6,3,3,3
480,7,2,3,1,Married,1,No,1,13,5,1,13
313,21,4,3,4,Married,7,No,1,8,1,3,3
1473,8,3,3,3,Divorced,4,Yes,0,8,3,3,5
891,4,2,2,4,Single,1,Yes,0,5,3,3,5
1063,25,2,3,3,Married,3,Yes,2,15,2,3,13
329,1,4,2,1,Married,1,No,1,4,3,3,4
1218,1,2,3,3,Divorced,1,Yes,1,21,3,3,21
906,6,3,4,1,Married,9,No,3,36,0,2,7
1082,12,2,3,3,Single,0,No,0,6,6,3,5
645,1,2,4,1,Married,1,No,1,10,2,3,10
1300,17,3,3,1,Divorced,1,No,1,10,2,3,10
688,3,1,3,1,Married,5,No,1,6,5,3,2
319,3,4,2,3,Married,2,Yes,0,28,4,3,5
192,10,1,3,4,Married,3,No,2,8,3,2,2
1490,4,4,3,4,Married,2,No,0,31,2,1,5
532,29,1,3,3,Divorced,2,No,1,19,3,3,5
317,2,3,1,4,Single,2,No,0,11,2,3,5
422,7,1,3,1,Married,5,No,0,33,5,1,29
1485,18,3,3,3,Divorced,2,No,1,19,5,2,10
1368,28,4,2,4,Married,0,No,3,7,4,4,6
1448,1,1,3,2,Single,1,Yes,0,6,4,3,5
296,6,4,1,3,Divorced,0,No,1,3,3,2,2
1490,2,4,3,4,Married,1,Yes,1,1,3,3,1
1398,2,3,3,3,Married,0,No,0,21,2,3,20
1349,23,1,3,4,Divorced,1,No,2,3,3,1,3
1400,3,3,3,4,Married,4,No,1,9,3,1,5
986,3,2,2,3,Married,1,No,0,10,2,3,10
408,25,3,2,2,Married,5,No,0,6,2,4,2
489,2,1,2,4,Single,1,No,0,1,3,4,1
1398,22,3,3,1,Married,0,No,0,10,3,3,9
210,29,1,2,4,Divorced,3,No,1,32,3,2,1
1099,29,2,2,3,Married,0,No,1,28,2,3,27
1116,2,3,3,4,Single,0,No,0,12,2,2,11
1499,28,3,2,1,Married,4,No,0,22,5,4,18
983,2,1,3,4,Divorced,5,No,3,20,2,3,5
1009,2,1,3,3,Married,6,No,0,26,2,1,3
144,22,4,1,3,Single,0,No,0,6,2,3,5
548,8,3,3,3,Single,7,No,0,19,3,3,1
1303,2,4,2,3,Divorced,3,No,1,14,3,3,7
1125,10,3,2,4,Married,2,Yes,1,15,3,3,3
1274,9,3,3,2,Divorced,1,No,1,13,6,4,13
1277,15,2,3,3,Married,7,Yes,0,15,2,4,7
587,10,1,1,4,Divorced,7,No,3,8,2,3,4
413,7,4,3,2,Single,0,No,0,4,3,3,3
1276,16,4,3,3,Married,4,Yes,0,10,2,3,8
534,20,1,3,3,Married,3,No,0,12,2,3,1
988,23,2,3,1,Divorced,9,Yes,3,11,2,3,3
1474,5,2,3,3,Married,4,No,1,8,4,3,2
635,10,2,3,4,Single,1,No,0,10,3,2,10
1368,4,3,2,3,Single,5,No,0,4,3,3,2
163,2,2,3,4,Married,2,No,1,14,2,3,9
1117,18,1,3,2,Single,3,No,0,37,2,3,10
267,10,4,3,4,Single,7,No,0,16,3,3,14
619,1,2,3,3,Married,9,No,0,15,2,3,11
302,6,2,3,3,Single,7,No,0,22,3,3,20
443,8,3,3,3,Married,1,No,1,8,3,3,8
828,2,2,3,4,Single,4,Yes,0,10,2,4,6
319,24,4,3,1,Married,1,Yes,1,10,5,2,10
561,2,4,3,2,Married,0,No,1,9,3,4,8
426,17,2,3,3,Divorced,0,Yes,1,8,2,2,7
232,19,4,3,4,Divorced,4,No,2,8,2,4,3
922,1,1,4,3,Divorced,4,No,1,10,2,3,6
688,7,3,2,4,Divorced,9,No,1,10,3,2,5
1306,5,2,3,2,Single,1,Yes,0,0,3,3,0
1094,28,3,1,1,Divorced,3,No,1,20,2,3,1
509,2,1,2,3,Single,2,Yes,0,10,3,3,8
775,29,1,3,3,Divorced,5,No,2,8,5,3,0
195,1,1,3,3,Single,1,No,0,5,3,3,5
258,21,4,4,4,Single,1,No,0,10,3,3,10
471,24,3,1,4,Single,1,Yes,0,1,3,1,1
799,1,2,3,4,Single,4,No,0,12,3,4,6
1034,18,1,3,3,Married,5,No,0,28,3,2,2
1276,2,2,3,1,Married,7,No,1,22,2,3,18
142,9,1,3,2,Divorced,1,No,1,9,6,3,9
956,6,4,3,1,Divorced,3,Yes,2,18,3,3,10
1474,11,4,4,3,Married,8,No,0,6,2,3,4
535,24,4,3,4,Married,0,No,2,3,3,3,2
1495,10,3,3,3,Married,3,No,1,18,4,3,1
446,1,2,3,2,Married,6,No,1,8,2,2,6
1245,18,4,2,3,Divorced,1,Yes,1,31,5,3,31
691,23,2,4,4,Married,1,Yes,2,6,3,3,6
703,28,1,3,2,Married,1,No,2,6,5,4,5
823,17,4,2,2,Married,1,No,1,1,2,3,1
1246,3,1,3,2,Married,1,No,1,32,2,3,32
622,13,2,3,3,Married,1,No,0,7,1,3,7
1287,7,1,3,3,Married,1,Yes,1,6,4,3,6
448,12,2,2,1,Married,1,No,1,1,2,4,1
254,1,2,2,4,Married,1,Yes,1,6,3,3,6
1365,13,2,3,1,Divorced,2,No,0,9,2,1,3
538,25,1,2,4,Single,4,No,0,9,3,3,3
525,6,1,4,4,Divorced,4,No,2,13,4,4,7
798,6,1,2,3,Divorced,0,No,2,6,5,2,5
558,2,4,3,3,Married,4,Yes,1,17,3,2,3
959,1,4,2,2,Single,1,No,0,1,0,4,1
622,2,3,3,4,Married,1,No,2,10,4,3,10
782,6,2,2,4,Divorced,4,Yes,1,21,3,2,1
362,1,3,3,1,Single,3,No,0,8,3,2,0
1001,9,4,3,3,Divorced,3,Yes,1,10,3,3,8
1236,1,4,2,1,Married,7,No,1,21,3,1,3
1112,1,1,2,3,Single,4,No,0,10,1,4,2
204,14,3,3,3,Divorced,1,Yes,2,8,3,3,8
1420,2,3,3,1,Divorced,0,No,1,5,3,3,4
1343,22,3,3,3,Single,1,No,0,3,2,3,3
1315,3,4,3,4,Married,4,Yes,1,26,2,4,2
604,6,1,3,3,Married,0,No,0,3,3,3,2
1216,8,3,3,3,Divorced,0,No,0,6,3,3,5
646,9,1,3,4,Married,1,Yes,1,6,2,2,6
160,3,3,3,3,Divorced,1,No,1,1,2,3,1
238,1,4,3,1,Single,7,No,0,18,2,4,14
1397,1,2,3,4,Married,1,No,1,10,4,2,10
306,26,1,3,1,Married,2,No,2,5,4,3,1
991,6,3,3,4,Married,1,Yes,1,3,2,3,3
482,3,3,3,3,Married,1,No,1,10,2,3,10
1176,3,2,3,3,Married,1,No,1,6,5,2,6
1017,6,2,1,4,Single,1,No,0,17,3,3,17
1296,6,3,3,4,Divorced,3,No,1,15,2,1,13
397,19,3,3,2,Married,2,No,1,16,1,4,9
913,9,2,2,2,Divorced,2,Yes,1,13,2,3,3
1115,3,1,2,4,Single,0,No,0,5,0,3,4
1362,10,4,3,3,Single,1,Yes,0,1,5,3,1
1076,3,1,3,1,Single,1,Yes,0,10,3,3,10
727,3,3,2,3,Married,1,No,2,1,3,3,1
885,4,1,4,1,Married,2,No,1,5,3,4,3
810,8,4,4,2,Married,0,No,1,4,4,3,3
243,7,4,2,4,Single,0,No,0,8,2,3,7
806,1,2,1,4,Divorced,1,No,1,10,5,3,10
817,2,2,4,2,Married,3,No,0,12,3,3,2
1410,3,4,4,4,Divorced,1,Yes,2,6,3,3,6
1225,10,4,4,4,Single,3,No,0,4,2,3,1
1207,28,4,4,3,Married,1,Yes,3,20,3,3,20
1442,9,4,2,2,Single,1,No,0,9,3,4,8
693,3,1,3,3,Single,9,No,0,4,3,3,2
408,2,4,2,3,Single,1,No,0,20,4,3,20
929,10,4,3,4,Single,1,No,0,10,2,2,10
562,8,2,3,3,Married,3,Yes,1,18,4,3,4
827,1,2,4,4,Single,0,No,0,10,4,2,9
608,1,3,3,1,Married,1,No,0,9,3,3,9
1018,3,3,3,4,Single,3,No,0,10,6,3,7
703,14,4,3,1,Single,2,No,0,20,2,3,7
580,5,4,2,1,Married,5,Yes,1,20,2,3,18
970,7,3,4,3,Married,3,No,0,32,3,3,5
427,10,2,2,4,Divorced,3,No,3,23,2,2,21
1179,16,1,3,1,Single,8,No,0,10,1,3,2
294,10,4,3,1,Divorced,1,No,2,9,4,2,9
314,1,4,2,3,Married,1,No,1,22,3,3,22
316,8,4,3,2,Married,7,No,1,4,2,3,2
654,1,1,1,2,Single,7,Yes,0,10,4,3,7
427,8,1,4,1,Married,9,No,1,10,2,3,8
168,1,3,3,3,Single,4,Yes,0,10,4,4,1
381,24,1,1,3,Single,2,No,0,9,5,3,5
217,3,4,3,3,Divorced,9,Yes,2,28,2,2,22
501,27,3,3,4,Divorced,7,No,1,10,2,2,8
1396,10,3,3,3,Single,1,No,0,1,6,3,1
933,19,3,4,3,Divorced,6,Yes,0,7,2,3,2
775,15,4,2,4,Married,3,No,1,7,5,3,2
970,8,2,3,3,Single,3,No,0,10,2,3,5
650,9,2,3,1,Married,1,No,1,5,2,4,4
141,3,3,4,2,Married,9,No,1,12,3,1,8
832,9,3,3,4,Married,7,No,0,30,1,2,10
804,2,4,2,4,Single,0,Yes,0,5,2,2,4
975,7,4,2,1,Single,8,No,0,9,2,1,7
1090,10,4,3,2,Divorced,1,No,2,2,2,3,2
346,6,4,3,4,Single,2,No,0,19,4,3,2
1225,2,4,3,1,Divorced,2,No,1,16,2,4,1
430,24,1,3,4,Married,1,No,2,10,2,3,10
268,2,4,3,3,Married,6,Yes,1,6,0,1,1
167,8,2,3,1,Divorced,3,No,1,7,3,3,0
621,3,3,2,1,Married,1,No,0,34,3,4,34
527,1,4,3,4,Single,1,Yes,0,10,2,2,10
883,26,3,3,4,Single,1,No,0,6,5,2,6
954,2,2,1,3,Single,0,No,0,9,3,3,8
310,10,1,4,3,Single,1,No,0,2,3,3,2
719,27,2,4,3,Single,4,Yes,0,8,2,3,5
304,2,4,3,4,Single,1,No,0,6,5,3,6
725,2,4,3,1,Married,5,Yes,1,24,2,3,5
1434,8,1,2,1,Single,1,No,0,10,1,3,10
715,19,4,3,4,Married,0,No,1,5,3,3,4
575,1,1,1,4,Divorced,3,No,1,5,2,3,2
657,27,2,3,3,Married,4,No,1,11,3,2,8
1146,8,4,2,1,Single,6,No,0,6,2,2,4
182,1,2,4,4,Single,2,No,0,10,2,3,4
376,19,4,3,1,Divorced,9,Yes,2,9,4,3,5
829,8,3,3,4,Married,0,No,1,5,3,3,4
571,10,4,3,1,Divorced,0,Yes,2,6,3,2,5
240,2,1,4,1,Single,6,Yes,0,17,2,3,15
121,2,3,2,1,Single,1,No,0,6,3,3,6
384,8,1,3,4,Married,1,No,1,3,1,2,3
921,1,4,1,3,Married,3,No,2,7,2,3,2
791,2,3,4,2,Married,1,No,1,8,2,3,8
1111,8,3,3,1,Married,5,No,1,6,1,3,3
570,8,2,3,4,Divorced,1,No,1,24,4,2,24
1243,6,3,4,1,Married,1,Yes,2,1,2,3,0
1092,9,3,2,2,Divorced,1,No,3,1,4,3,1
1325,11,4,3,3,Married,8,No,1,9,3,3,5
691,2,3,3,3,Married,5,No,0,30,3,3,4
805,1,2,2,1,Married,1,Yes,1,1,1,3,1
213,7,3,3,3,Married,0,No,0,14,3,4,13
118,16,1,3,1,Single,5,No,0,6,3,3,3
202,2,3,3,4,Married,1,Yes,1,26,3,2,26
676,1,3,3,2,Married,0,No,1,10,2,3,9
1252,23,3,4,3,Married,1,No,1,10,3,3,10
286,2,4,3,2,Single,7,Yes,0,40,2,3,31
1258,1,4,4,3,Single,3,No,0,7,0,3,2
932,1,4,2,4,Married,9,Yes,1,8,4,3,4
890,2,3,3,3,Single,6,No,0,5,3,2,2
1041,13,3,3,2,Married,4,No,1,8,2,3,5
859,4,3,2,3,Married,1,No,1,14,3,3,14
720,16,1,2,3,Single,6,No,0,10,6,3,1
946,2,3,2,4,Single,5,Yes,0,12,4,2,0
252,2,2,2,3,Single,1,No,0,1,3,3,1
933,29,2,3,2,Married,1,No,1,10,3,2,9
471,12,1,2,1,Divorced,2,No,1,13,3,2,4
702,16,3,2,4,Single,1,No,0,6,3,3,5
1184,11,3,3,4,Married,1,No,2,9,3,4,9
436,2,3,3,4,Single,4,No,0,12,3,2,9
589,14,2,3,1,Married,6,No,1,22,3,3,4
269,5,3,2,4,Divorced,1,Yes,1,9,3,3,9
950,7,3,3,3,Single,3,No,0,17,3,4,8
760,2,2,3,2,Married,1,Yes,0,8,2,3,8
829,3,3,3,4,Married,0,No,1,4,1,1,3
887,5,3,2,3,Married,1,Yes,1,8,2,3,8
443,3,4,3,4,Married,1,No,3,0,6,2,0
1318,26,1,3,3,Married,2,No,1,29,2,2,20
625,4,4,3,2,Single,9,No,0,10,2,2,5
180,2,1,4,1,Single,7,No,0,6,3,2,4
586,1,1,4,1,Divorced,1,No,1,9,5,3,9
1343,27,3,2,1,Single,1,No,0,6,3,2,6
928,1,2,3,4,Married,1,Yes,1,18,1,2,18
117,13,2,3,4,Divorced,2,No,1,8,3,2,5
1012,5,2,2,4,Divorced,9,No,1,10,3,2,5
661,7,1,2,4,Married,7,Yes,1,35,3,3,5
930,9,4,3,1,Divorced,4,Yes,1,18,2,3,5
638,8,3,4,3,Married,5,No,1,9,3,2,5
890,25,3,2,4,Married,3,No,0,31,3,3,9
342,16,4,2,3,Divorced,4,No,2,9,2,3,1
1169,8,2,2,4,Divorced,1,No,1,6,6,3,5
1230,1,4,2,4,Married,6,No,2,4,2,1,2
986,8,1,4,4,Married,2,Yes,1,10,2,2,3
1271,2,2,3,4,Single,5,Yes,0,8,2,3,2
1278,8,1,2,1,Married,0,No,0,6,3,3,5
141,3,3,3,1,Married,1,Yes,0,5,3,3,5
607,9,4,2,3,Married,1,Yes,1,17,2,3,17
130,25,4,3,2,Divorced,1,Yes,1,10,3,2,10
300,1,4,3,4,Divorced,0,No,1,4,2,3,3
583,4,3,2,1,Married,1,No,0,5,1,4,5
1418,1,3,3,1,Married,2,No,1,7,2,3,4
1269,4,1,2,4,Married,0,No,0,6,2,2,5
379,5,2,3,2,Married,1,No,1,10,3,3,10
395,9,2,2,2,Married,0,No,1,3,3,3,2
1265,3,3,4,4,Married,2,Yes,1,17,1,2,5
1222,11,4,3,4,Married,3,Yes,1,8,2,3,6
341,1,2,2,3,Divorced,6,Yes,3,5,3,3,3
868,8,1,3,4,Married,5,No,1,28,3,3,2
672,25,4,2,2,Married,3,No,0,16,2,3,13
1231,21,3,3,4,Married,5,No,1,10,3,3,5
102,23,4,3,4,Single,6,No,0,33,0,3,12
422,1,4,3,4,Married,4,No,1,12,2,2,5
249,2,3,3,4,Married,0,Yes,1,8,2,3,7
1252,19,1,3,2,Single,1,Yes,0,10,2,3,10
881,2,1,3,1,Divorced,1,No,1,31,3,3,31
1383,2,4,2,4,Married,8,No,2,13,2,3,5
1075,3,4,3,2,Divorced,3,Yes,1,7,4,4,4
374,25,1,3,4,Single,1,Yes,0,1,2,1,1
1086,7,1,2,4,Divorced,6,No,3,8,5,3,4
661,9,2,3,1,Married,1,Yes,0,8,0,3,8
821,5,1,3,4,Single,1,No,0,4,3,3,4
781,2,4,2,4,Divorced,9,Yes,1,3,3,2,1
177,8,1,3,2,Divorced,4,No,1,4,2,4,1
500,2,3,2,3,Single,1,No,0,2,3,2,2
1427,18,4,3,4,Single,1,No,0,1,3,2,1
1425,14,3,3,4,Married,0,Yes,1,17,2,2,16
1454,2,4,2,4,Single,1,Yes,0,3,3,2,3
617,3,2,3,3,Married,0,Yes,1,4,3,4,3
1085,2,2,1,4,Divorced,4,Yes,1,10,1,2,7
995,9,3,3,3,Divorced,5,No,1,6,2,3,2
1122,6,4,3,1,Married,7,Yes,0,8,2,1,2
618,4,2,3,3,Single,1,No,0,1,2,3,1
546,10,2,3,2,Divorced,1,No,2,1,3,3,1
462,14,3,2,3,Single,7,No,0,10,6,3,5
1198,1,3,2,1,Single,3,Yes,0,6,1,3,3
1272,5,3,2,2,Divorced,2,Yes,1,24,3,3,6
154,7,2,2,3,Married,3,No,0,13,2,4,7
1137,21,4,3,4,Married,1,Yes,1,10,2,1,10
527,8,1,3,2,Married,4,No,1,29,3,2,26
1469,20,4,3,3,Married,4,No,2,13,2,2,0
1188,20,4,3,3,Married,1,No,1,9,2,2,9
188,7,2,3,4,Single,2,No,0,8,6,3,6
1333,1,4,3,1,Married,1,No,1,15,3,3,15
1184,1,3,2,2,Married,6,No,0,5,3,3,3
867,19,3,2,2,Married,1,Yes,3,1,2,3,1
658,10,1,2,2,Divorced,2,No,1,11,2,2,1
1283,1,3,2,1,Single,1,No,0,7,2,3,7
263,6,4,3,1,Single,2,Yes,0,20,3,3,18
938,2,3,3,3,Single,4,No,0,16,6,3,11
419,21,4,2,2,Single,1,Yes,0,1,3,4,1
129,4,1,3,1,Single,1,No,0,1,2,3,1
616,12,4,3,4,Married,0,Yes,2,10,2,1,9
1469,9,4,3,2,Divorced,8,Yes,1,3,2,3,1
498,3,3,3,1,Married,1,No,1,8,2,4,8
530,3,3,2,4,Married,1,Yes,1,16,6,3,16
1069,1,2,2,4,Single,0,No,0,6,3,3,5
625,1,1,2,3,Married,5,No,0,17,2,1,14
805,4,3,3,2,Married,1,No,0,9,5,2,9
1404,20,3,3,4,Married,1,No,1,3,5,3,3
1219,18,3,3,3,Married,1,No,0,5,3,3,5
1053,1,4,3,4,Married,2,No,1,26,2,2,9
289,2,4,3,3,Single,4,No,0,7,4,3,1
1376,2,3,3,3,Divorced,6,No,1,22,3,4,17
231,8,3,3,3,Divorced,5,No,1,10,2,4,8
152,10,3,3,4,Single,1,Yes,0,6,1,3,5
882,3,4,3,4,Divorced,6,No,1,12,2,3,10
903,2,1,4,3,Single,0,No,0,9,3,3,8
1479,24,2,4,2,Single,4,Yes,0,22,2,2,1
1379,16,3,4,3,Divorced,1,Yes,0,20,3,4,19
1229,8,1,3,4,Divorced,4,No,2,12,3,3,7
335,9,3,2,1,Single,0,Yes,0,4,0,3,3
722,17,4,3,3,Single,1,No,0,10,2,3,10
906,10,4,2,1,Single,6,Yes,0,3,5,3,0
461,13,2,3,4,Single,3,No,0,5,4,3,3
974,1,4,3,4,Divorced,3,No,2,8,2,3,5
1126,1,4,3,4,Divorced,9,No,1,32,1,2,5
827,1,3,4,2,Married,1,Yes,1,6,2,3,6
840,9,1,3,3,Divorced,2,No,1,21,2,4,18
1134,16,3,3,2,Married,9,No,1,4,2,3,2
248,23,4,3,1,Married,1,Yes,1,9,2,3,9
955,4,4,3,4,Single,1,Yes,0,9,0,3,9
138,22,1,3,3,Married,4,Yes,0,7,2,3,5
939,24,4,3,3,Married,3,Yes,1,22,2,3,12
1391,10,3,3,3,Married,0,No,1,3,0,2,2
566,7,4,3,3,Divorced,6,No,1,13,3,3,8
1206,17,4,2,3,Divorced,1,No,2,5,6,3,4
622,14,3,2,2,Divorced,1,Yes,1,5,2,1,4
853,1,3,3,1,Married,1,No,1,4,1,3,4
287,5,2,3,4,Single,1,No,0,0,2,3,0
1441,17,3,3,3,Married,8,No,1,22,2,3,10
583,25,3,3,3,Divorced,1,Yes,1,16,3,2,16
153,8,2,4,1,Married,0,Yes,3,9,4,2,8
1097,11,4,2,1,Single,1,Yes,0,1,2,3,1
109,5,2,3,2,Single,0,No,0,4,3,3,3
1066,2,4,4,4,Married,1,No,0,8,2,3,8
217,8,2,1,1,Married,1,No,1,4,3,2,4
277,6,1,2,3,Single,2,No,0,19,0,3,2
1355,4,3,2,3,Single,7,No,0,27,3,3,15
549,7,4,3,3,Single,6,No,0,8,6,3,2
466,1,4,2,4,Married,1,No,1,21,3,3,21
1055,2,1,3,4,Married,0,No,1,4,2,3,3
802,10,2,3,4,Divorced,1,No,1,3,4,2,3
265,5,4,3,3,Married,6,No,0,21,3,4,1
804,9,1,3,4,Married,4,No,0,8,5,3,1
715,2,3,2,4,Single,3,Yes,0,30,4,3,5
1141,11,1,1,2,Married,5,No,0,15,2,1,1
135,18,3,3,2,Married,3,Yes,2,17,3,3,8
247,7,2,1,3,Divorced,1,No,2,21,3,3,21
1035,3,2,3,4,Single,8,Yes,0,19,1,3,1
265,29,2,1,1,Single,8,No,0,7,6,3,2
266,2,1,1,4,Married,1,No,1,33,3,3,32
1448,28,4,4,4,Married,3,Yes,1,23,2,3,12
145,1,4,3,3,Married,0,No,1,19,3,3,18
885,16,3,4,1,Single,1,No,0,18,1,3,17
945,22,4,3,1,Single,1,Yes,0,21,2,3,21
1038,8,2,2,4,Single,0,No,0,3,2,2,2
1234,11,4,3,4,Married,3,No,1,26,4,4,9
1109,29,4,3,3,Single,9,No,0,10,2,3,8
216,1,2,4,4,Divorced,0,No,1,16,2,2,15
1089,1,2,3,4,Married,3,Yes,1,14,1,1,6
788,24,2,3,2,Single,1,No,0,6,3,3,6
124,2,3,2,2,Married,2,No,1,30,2,3,15
660,15,1,3,3,Divorced,7,No,1,9,3,2,1
342,2,1,3,1,Married,6,Yes,1,6,2,3,3
1333,10,3,3,3,Married,1,Yes,1,1,2,3,1
1144,10,4,3,2,Married,1,No,0,1,5,3,1
1186,3,3,3,3,Married,3,No,1,8,2,3,2
1464,2,2,3,3,Married,2,Yes,1,29,2,2,8
124,3,4,3,2,Single,3,No,0,8,3,2,4
300,26,3,3,1,Married,1,No,1,8,3,2,7
921,1,1,2,3,Divorced,1,No,2,5,5,3,5
430,1,4,3,4,Divorced,9,No,2,23,0,3,2
1082,2,3,2,3,Married,6,No,1,13,4,3,9
1240,9,1,3,3,Married,2,No,1,18,4,3,5
796,12,4,2,4,Single,0,No,0,15,2,2,14
444,2,3,2,1,Single,7,No,0,31,3,4,9
415,25,3,2,4,Divorced,5,No,1,18,5,3,1
769,9,4,3,4,Single,1,Yes,0,2,3,3,2
1334,10,3,2,1,Single,1,No,0,1,6,2,1
1003,8,4,2,1,Divorced,8,Yes,3,19,2,3,16
1323,4,1,3,3,Married,9,Yes,3,18,2,4,10
1366,24,2,2,1,Single,1,No,0,10,2,2,10
192,1,1,2,1,Married,1,No,2,6,2,3,5
1176,20,3,3,1,Married,0,No,1,7,1,2,6
509,7,2,4,3,Married,1,No,0,10,3,3,10
330,17,3,2,3,Married,0,No,1,20,4,2,19
1492,20,1,3,4,Married,4,No,1,14,6,3,11
1277,8,1,1,3,Married,1,No,3,3,4,3,3
1091,2,4,3,2,Married,3,No,1,23,4,3,3
857,10,3,3,3,Single,3,No,0,10,4,4,8
1376,1,2,2,1,Married,9,No,1,24,1,3,20
654,5,4,2,4,Divorced,4,No,1,9,2,3,3
1204,4,4,3,1,Single,0,Yes,0,9,2,3,8
827,29,1,2,3,Single,1,No,0,14,4,3,13
895,15,1,3,3,Divorced,1,No,1,4,5,2,4
618,3,1,3,4,Single,0,No,0,7,1,2,6
309,10,4,2,4,Divorced,2,Yes,3,8,5,3,1
1219,4,4,3,4,Married,1,Yes,1,7,3,4,7
1330,21,1,3,3,Divorced,1,No,1,1,0,2,1
1017,25,1,2,2,Single,4,Yes,0,5,0,3,2
469,2,4,3,1,Married,0,No,1,23,3,3,22
1009,1,1,2,2,Divorced,1,No,2,1,2,3,1
959,1,4,3,3,Single,3,Yes,0,5,4,3,0
970,7,4,3,2,Married,0,No,1,4,3,3,3
697,3,3,2,4,Married,3,No,3,6,2,3,0
1262,1,1,4,4,Single,2,No,0,27,3,2,5
1050,9,2,2,3,Married,1,No,1,15,2,3,15
994,7,2,3,2,Single,7,No,0,18,4,3,8
770,10,3,2,3,Divorced,0,Yes,2,9,2,3,8
1107,28,3,3,4,Divorced,4,No,1,11,1,3,7
950,3,4,3,2,Divorced,0,No,3,10,3,2,9
406,3,1,3,3,Married,3,No,1,23,3,3,12
130,2,4,3,2,Single,7,No,0,10,2,3,1
1082,27,3,3,1,Married,8,No,1,18,1,3,8
203,2,1,3,4,Divorced,7,No,3,21,4,3,18
1308,14,3,2,3,Single,1,No,0,21,2,4,20
984,1,4,2,2,Single,1,Yes,0,2,6,4,2
439,9,3,3,2,Single,9,No,0,9,2,2,5
217,18,1,3,4,Single,2,No,0,18,0,3,11
793,20,3,4,4,Married,0,No,1,3,4,3,2
1451,2,1,2,2,Married,0,No,0,6,2,1,5
1182,11,4,3,4,Divorced,1,No,1,5,3,3,5
174,8,4,2,2,Married,6,No,1,22,3,3,9
1003,2,4,3,3,Single,2,No,0,5,3,2,3
490,10,4,3,2,Divorced,0,No,2,8,2,2,7
188,29,2,1,4,Single,4,No,0,16,3,3,1
718,8,2,2,4,Married,1,Yes,1,10,2,2,10
433,1,3,4,3,Married,1,No,1,7,2,4,7
773,6,3,2,3,Divorced,1,Yes,1,3,2,3,3
247,8,3,3,3,Single,1,No,0,0,0,3,0
603,9,1,3,1,Single,0,Yes,0,6,3,3,5
167,12,2,3,4,Married,3,Yes,1,6,4,3,1
874,15,3,3,3,Married,1,No,1,2,5,2,2
367,25,3,2,4,Divorced,7,No,2,9,2,3,6
199,6,4,2,3,Married,1,No,1,4,0,3,4
1400,9,2,3,3,Married,1,No,0,6,3,2,6
528,8,3,3,3,Single,1,No,0,6,2,1,5
408,23,4,2,1,Married,1,No,1,11,3,1,11
593,9,2,3,3,Single,9,No,0,20,3,2,18
481,12,3,3,1,Single,0,Yes,0,22,2,2,21
647,4,2,3,1,Single,7,No,0,9,3,4,6
982,1,4,2,3,Married,6,No,1,10,2,3,8
477,24,4,3,2,Single,8,No,0,6,2,3,4
1485,12,3,3,4,Married,1,Yes,0,1,4,2,1
1384,3,1,4,4,Married,1,No,1,8,2,3,8
852,10,3,2,3,Married,1,No,1,10,3,3,10
902,26,3,2,4,Married,3,Yes,1,16,3,1,1
819,2,3,2,2,Divorced,2,No,1,15,2,4,7
669,1,4,2,1,Single,0,No,0,14,3,3,13
636,4,4,2,4,Married,1,No,1,2,2,4,2
1372,9,1,1,3,Single,8,No,0,7,2,2,4
862,2,3,3,1,Divorced,1,No,3,1,3,3,1
718,4,4,3,1,Divorced,4,No,1,28,2,3,5
1401,6,2,3,4,Married,1,No,1,10,5,3,10
645,9,3,3,1,Single,1,No,0,1,4,3,1
1457,7,1,3,3,Married,4,Yes,1,7,2,2,3
977,1,4,2,4,Married,1,No,1,14,2,2,14
805,3,1,2,3,Single,1,No,0,2,2,2,2
1097,10,3,3,3,Single,1,Yes,0,6,4,3,6
1223,7,4,3,3,Divorced,3,No,1,26,6,3,7
942,15,2,1,4,Married,0,Yes,1,6,2,2,5
1256,3,3,2,4,Married,0,Yes,1,1,5,3,0
1402,2,3,3,1,Married,8,No,0,28,2,3,26
111,17,4,1,3,Single,2,No,0,6,3,3,0
147,2,2,3,3,Married,1,No,1,5,2,3,5
906,5,1,2,1,Divorced,6,No,1,5,2,1,1
1329,29,3,3,1,Divorced,8,No,3,8,3,3,4
1184,2,2,3,2,Married,5,No,3,5,2,3,0
1421,2,4,3,1,Married,2,No,1,32,3,3,2
1179,19,4,2,1,Married,1,No,3,6,2,3,6
1450,15,4,3,2,Married,5,No,1,25,2,3,4
1361,17,3,3,1,Married,3,Yes,3,15,2,3,7
984,17,4,3,2,Married,1,No,1,1,3,1,1
1146,25,2,3,3,Married,1,No,1,10,3,2,10
917,6,3,1,3,Divorced,1,No,1,7,4,3,7
853,7,3,3,3,Divorced,1,No,3,10,4,2,10
200,29,4,3,4,Single,1,No,0,20,3,3,20
654,21,3,4,4,Single,1,No,0,2,2,3,2
150,2,4,3,4,Divorced,2,No,1,12,3,2,6
179,2,4,4,1,Married,7,No,1,10,3,4,4
696,7,2,4,4,Divorced,0,Yes,1,12,3,3,11
116,13,3,2,2,Married,1,No,1,2,2,3,2
1316,2,4,3,3,Single,4,Yes,0,10,2,3,8
363,1,3,1,1,Divorced,2,Yes,1,17,2,3,7
117,9,1,3,4,Married,0,No,1,15,5,3,14
107,10,2,2,2,Divorced,7,No,1,7,2,4,5
1356,10,3,3,4,Single,0,No,0,5,4,3,4
1465,1,4,3,2,Married,0,Yes,1,12,2,3,11
458,26,1,3,1,Married,3,Yes,0,20,6,3,1
1212,8,3,2,4,Married,4,Yes,1,16,6,2,13
1103,14,1,3,1,Married,1,Yes,2,9,3,2,9
966,1,4,3,3,Divorced,7,No,1,33,2,1,5
1117,2,1,4,4,Married,1,No,1,10,5,3,10
504,10,1,2,2,Single,1,Yes,0,1,2,4,1
1010,1,1,3,4,Divorced,1,No,3,3,5,3,3
685,3,4,3,4,Married,3,No,0,36,2,3,10
1332,11,3,3,1,Married,1,Yes,0,6,2,2,6
1062,24,3,2,1,Single,1,No,0,10,2,3,10
326,3,3,2,4,Single,5,No,0,13,2,3,6
920,3,3,1,4,Married,3,No,1,25,2,3,8
1098,4,1,2,3,Married,2,No,1,23,2,4,1
469,3,3,3,2,Married,1,No,0,12,2,2,11
969,2,4,4,2,Single,5,No,0,7,4,2,1
1167,4,1,3,3,Divorced,1,No,3,5,2,3,5
1329,7,3,3,4,Divorced,1,Yes,2,6,2,3,6
715,1,4,2,4,Single,6,No,0,25,3,4,1
694,1,4,2,4,Divorced,3,No,2,9,2,2,7
1320,20,3,4,3,Married,0,No,0,2,5,2,1
1099,5,2,3,2,Married,7,No,1,26,5,3,22
536,10,4,4,3,Divorced,0,Yes,2,10,3,3,9
265,25,2,4,4,Single,1,Yes,0,1,2,3,1
373,1,4,3,3,Married,1,No,1,1,2,3,1
599,24,3,1,4,Single,1,Yes,0,1,4,3,1
583,4,3,3,4,Single,1,Yes,0,8,2,2,8
1449,2,1,1,2,Single,2,Yes,0,26,2,3,24
177,8,4,2,2,Divorced,1,Yes,1,34,3,3,33
251,10,1,2,3,Single,1,No,0,2,2,1,2
168,4,4,2,2,Married,2,No,1,26,2,3,11
131,2,3,3,1,Single,0,Yes,0,4,3,3,3
237,9,4,3,2,Divorced,4,Yes,1,31,5,2,29
1429,18,4,3,4,Single,6,No,0,25,6,2,9
135,19,3,3,2,Divorced,4,No,2,15,2,4,11
791,1,4,3,3,Single,0,Yes,0,5,2,2,4
1199,4,3,4,1,Divorced,1,No,2,26,4,2,25
648,11,3,2,2,Married,4,No,2,14,5,4,10
735,6,3,3,3,Married,0,Yes,0,4,3,3,3
603,7,2,4,2,Married,6,Yes,0,18,2,3,1
531,4,4,2,4,Single,3,No,0,23,3,4,21
429,2,3,3,2,Single,9,Yes,0,18,2,3,16
621,15,1,3,4,Married,1,No,1,10,2,3,10
193,2,4,2,4,Married,1,Yes,1,2,2,3,2
968,6,2,2,3,Single,0,No,0,8,6,2,7
879,9,3,3,3,Single,7,Yes,0,10,3,3,8
806,7,2,3,3,Divorced,3,Yes,2,10,2,3,7
640,1,4,3,1,Single,2,No,0,5,2,2,3
266,1,4,3,2,Single,1,No,0,2,3,2,2
604,8,3,4,4,Married,1,No,2,10,4,4,10
364,25,2,3,2,Single,3,No,0,22,4,3,0
412,13,3,2,2,Divorced,6,Yes,2,21,4,3,19
848,23,1,3,3,Divorced,1,No,2,2,3,3,2
1089,7,4,3,3,Married,1,No,1,10,3,3,10
360,23,3,3,1,Single,0,No,0,6,2,3,5
1138,6,1,2,4,Married,0,No,1,10,6,3,9
325,10,4,3,3,Married,3,No,0,10,0,3,7
991,1,4,3,1,Single,6,No,0,10,3,4,7
1476,1,3,1,4,Married,0,No,3,10,6,3,9
1322,28,4,3,1,Married,4,Yes,0,25,2,3,3
299,25,4,2,2,Single,2,Yes,0,9,2,3,5
1030,5,2,3,2,Single,9,Yes,0,10,2,2,8
634,17,2,3,1,Married,1,Yes,2,9,2,3,9
524,18,1,3,3,Single,0,No,0,9,6,3,8
587,2,4,3,3,Divorced,1,Yes,1,10,5,2,10
256,10,3,1,2,Single,1,No,0,19,4,3,19
1060,1,4,3,2,Single,1,Yes,0,3,2,4,3
935,3,1,3,1,Married,4,No,0,10,4,4,3
495,2,3,3,3,Married,0,Yes,0,21,3,2,20
282,2,4,1,3,Married,4,No,1,23,5,3,19
206,8,4,3,2,Single,6,No,0,36,4,3,7
458,16,3,3,3,Divorced,9,No,1,6,0,3,4
943,9,4,3,4,Divorced,0,No,1,10,0,2,9
523,2,3,3,4,Single,1,No,0,9,4,3,9
1018,1,3,3,1,Divorced,0,No,1,10,2,3,9
482,4,3,3,3,Single,1,Yes,0,9,3,3,9
770,5,3,3,2,Divorced,1,Yes,1,33,2,3,33
1009,2,2,3,1,Divorced,3,No,1,11,3,3,7
507,15,3,3,1,Single,1,No,0,10,6,4,10
882,19,4,3,4,Married,3,No,3,7,6,2,3
601,7,3,2,1,Married,7,Yes,0,31,0,2,10
329,1,2,3,2,Married,3,No,1,7,3,3,4
607,7,1,4,1,Married,2,No,1,17,2,2,15
855,4,4,3,4,Single,1,No,0,11,2,3,10
1291,11,3,4,4,Married,8,No,1,5,4,3,1
1405,11,4,2,2,Single,3,No,0,29,1,2,5
1124,1,4,3,4,Single,1,No,0,0,5,4,0
817,1,4,2,4,Married,0,No,1,10,0,3,9
793,2,4,1,4,Single,3,No,0,8,3,3,6
267,13,1,4,3,Single,6,Yes,0,24,2,2,19
1369,23,4,3,2,Married,4,Yes,1,33,0,3,19
999,26,1,2,3,Divorced,1,No,3,5,2,3,5
1202,2,2,4,3,Divorced,5,No,3,15,0,3,12
285,29,2,3,3,Married,4,No,2,10,1,3,8
703,2,3,2,4,Single,7,No,0,3,3,4,1
662,18,4,3,3,Married,0,Yes,1,5,0,2,4
693,7,4,4,3,Divorced,1,No,3,4,2,3,4
404,2,3,3,4,Single,1,No,0,14,2,4,14
736,26,3,2,1,Married,1,No,1,5,0,3,5
330,22,4,3,3,Married,1,Yes,2,10,3,2,10
1498,21,1,2,4,Married,3,Yes,2,8,2,4,5
541,2,2,3,2,Married,2,No,0,14,5,3,4
1200,22,4,3,4,Divorced,3,Yes,2,12,4,2,6
1439,4,3,3,3,Married,7,Yes,0,8,2,3,6
1111,5,2,3,4,Married,6,No,0,8,2,4,5
499,2,3,3,2,Married,0,Yes,3,4,3,2,3
1485,25,3,3,3,Married,3,No,1,13,2,3,6
1372,18,1,4,3,Married,2,No,0,6,3,2,3
322,28,4,4,3,Married,2,Yes,1,24,3,2,5
930,6,1,2,3,Single,1,Yes,0,20,3,1,20
205,10,4,2,4,Married,1,Yes,0,6,3,3,6
135,17,4,3,3,Single,1,Yes,0,8,2,3,8
683,2,1,2,4,Single,0,No,0,5,2,3,4
1147,10,3,3,1,Married,0,No,1,21,5,3,20
258,8,3,3,1,Married,9,No,0,12,2,1,5
1462,11,1,3,3,Single,4,No,0,8,6,3,3
200,18,3,3,4,Single,2,No,0,10,2,3,2
949,1,1,3,4,Married,4,No,1,7,2,2,3
652,7,3,4,1,Single,0,No,0,8,2,3,7
332,17,2,2,1,Single,1,No,0,10,3,2,10
1475,28,1,2,1,Single,3,No,0,20,2,3,4
337,14,3,3,4,Single,0,Yes,0,9,1,3,8
971,1,4,3,4,Single,6,No,0,29,3,2,20
1055,1,4,3,1,Married,3,Yes,1,32,3,3,9
1136,1,2,4,4,Divorced,2,No,2,31,4,4,7
1174,3,1,3,2,Single,3,Yes,0,15,3,3,5
667,1,2,1,3,Single,1,No,0,1,3,3,1
855,7,4,3,1,Divorced,7,No,2,8,3,3,3
182,8,1,3,2,Single,3,No,0,9,3,4,3
560,1,4,3,1,Divorced,5,No,2,10,2,3,4
202,8,1,2,2,Single,1,No,0,1,3,4,1
1377,11,2,3,1,Married,0,No,0,6,3,4,5
172,4,1,2,4,Single,1,No,0,10,2,2,10
329,16,3,2,1,Married,4,No,2,11,3,2,3
465,1,1,3,4,Married,7,No,1,17,2,2,6
383,9,1,2,1,Married,3,No,0,6,2,3,3
1413,5,3,4,3,Single,0,No,0,7,2,1,6
1255,1,1,3,1,Married,2,No,1,5,3,4,3
359,2,1,3,3,Married,3,No,2,26,2,4,20
1476,4,4,3,3,Married,1,Yes,2,5,3,3,5
601,7,4,3,4,Married,4,No,1,7,3,2,4
401,1,4,2,2,Married,5,No,1,7,2,2,5
1283,5,2,4,3,Married,2,Yes,0,7,5,2,4
663,9,3,3,3,Divorced,3,No,2,11,2,4,8
326,8,1,3,4,Divorced,1,No,1,13,5,3,13
377,9,1,3,4,Divorced,4,No,1,28,1,4,7
592,2,1,2,1,Single,2,Yes,0,11,2,4,1
1445,1,3,4,2,Single,1,No,0,10,2,3,10
1038,20,2,1,1,Divorced,2,Yes,1,24,2,3,7
1398,8,4,4,2,Single,9,No,0,8,3,3,3
523,2,2,3,4,Married,6,Yes,1,7,2,1,2
1448,29,2,3,4,Married,4,Yes,2,10,4,4,3
1221,7,3,3,1,Divorced,4,No,3,15,3,3,2
1107,9,1,3,3,Married,1,No,0,2,0,3,2
218,8,4,2,2,Divorced,2,No,1,16,5,3,9
866,5,4,3,1,Single,0,No,0,6,4,3,5
981,5,3,2,3,Single,3,No,0,7,5,3,5
447,2,4,4,2,Single,4,No,0,35,2,2,9
1495,5,1,3,3,Married,2,No,1,20,0,2,3
896,2,3,3,3,Divorced,2,No,1,8,3,4,3
1467,20,4,3,2,Single,1,No,0,6,3,2,5
430,7,4,3,1,Married,0,No,2,5,2,3,4
1326,3,4,1,1,Single,3,No,0,15,2,3,13
1358,16,4,3,3,Married,8,No,2,4,2,2,2
748,9,1,3,4,Single,1,No,0,12,3,3,12
383,1,1,3,3,Married,7,No,1,11,4,2,1
990,7,3,3,3,Divorced,1,No,2,1,2,2,1
405,1,2,4,3,Married,0,No,1,13,2,2,12
1490,7,3,3,2,Divorced,3,No,2,29,3,3,8
829,15,2,3,1,Divorced,7,No,2,16,3,2,14
1496,1,1,3,3,Married,3,No,1,5,3,4,3
115,13,1,3,2,Single,5,No,0,7,4,1,5
790,24,1,2,2,Single,0,Yes,0,16,2,4,15
660,7,4,3,3,Married,1,No,1,1,3,3,1
381,9,2,3,1,Single,2,Yes,0,4,2,2,0
830,13,4,3,2,Married,1,No,1,1,2,3,1
1193,2,2,3,3,Single,5,Yes,0,16,2,2,2
1246,19,3,2,3,Divorced,1,No,2,10,3,3,10
330,1,3,3,3,Divorced,0,No,1,6,3,4,5
1229,4,4,3,3,Married,0,Yes,0,4,2,3,3
1099,4,1,2,2,Married,8,No,0,8,5,3,5
571,14,3,3,3,Married,3,Yes,1,11,4,2,5
289,2,3,2,1,Single,7,No,0,8,2,2,0
1423,1,1,2,3,Divorced,1,No,1,1,2,1,1
467,7,3,3,1,Single,0,No,0,5,5,3,4
271,3,3,2,1,Married,4,No,1,10,3,3,3
410,2,4,3,2,Married,0,No,3,4,3,3,3
1083,29,3,1,2,Married,1,No,2,8,2,2,8
516,8,4,3,3,Single,2,Yes,0,14,6,3,0
495,10,3,3,4,Single,2,No,0,10,5,4,5
1050,11,2,3,4,Divorced,3,No,1,26,2,3,14
224,1,1,2,1,Single,6,No,0,11,2,1,9
136,28,4,3,1,Married,3,No,1,24,1,4,20
1089,6,2,3,2,Single,4,No,0,9,3,3,2
228,3,3,3,2,Married,8,No,1,23,2,4,13
1029,16,4,2,2,Single,1,No,0,11,3,1,11
507,20,1,3,3,Single,0,No,0,5,2,3,4
676,9,4,3,1,Single,3,No,0,15,3,1,5
971,1,4,2,3,Married,1,Yes,0,10,3,3,10
561,3,4,3,3,Single,1,No,0,7,2,1,7
333,22,3,1,4,Single,1,Yes,0,32,2,3,32
1440,7,2,3,3,Married,0,Yes,1,12,4,3,11
1210,2,3,2,2,Married,4,No,1,4,3,3,1
674,13,1,3,4,Married,1,No,0,10,2,3,10
441,8,3,1,1,Married,3,No,1,9,3,3,7
575,25,4,2,2,Single,1,No,0,5,2,3,5
950,28,4,3,4,Married,4,No,1,8,3,3,5
288,2,4,3,4,Married,2,Yes,1,24,3,1,20
1342,9,1,3,1,Married,0,No,0,9,5,4,8
589,28,2,3,3,Married,1,Yes,1,15,3,3,15
898,6,3,3,4,Single,1,Yes,0,21,2,3,21
350,21,3,2,1,Divorced,0,No,3,2,3,3,1
1142,8,4,3,4,Divorced,3,Yes,0,8,2,3,2
538,1,1,3,2,Divorced,1,No,3,10,4,3,10
1402,28,2,2,3,Married,0,No,2,6,5,3,5
824,5,4,2,2,Married,3,No,1,12,2,3,7
1157,2,3,3,4,Single,3,Yes,0,7,3,2,3
492,16,3,3,3,Divorced,8,No,1,18,2,3,8
598,9,3,4,3,Married,6,No,2,5,2,2,1
1242,8,1,3,1,Married,2,No,1,8,6,1,2
740,1,2,2,1,Married,1,No,1,10,4,3,10
888,10,3,3,3,Married,3,No,0,10,2,3,6
992,1,4,2,1,Single,1,No,0,3,3,3,3
1288,29,3,3,2,Married,3,No,1,9,3,3,4
104,2,1,3,1,Divorced,1,Yes,1,1,2,3,1
607,2,3,2,4,Married,0,No,1,34,4,3,33
903,2,3,3,2,Married,4,No,2,7,2,3,5
1200,1,4,3,1,Married,4,No,1,9,3,2,6
1108,15,3,3,1,Married,8,No,1,10,3,2,8
479,7,1,3,4,Single,1,No,0,1,4,1,1
685,26,3,2,4,Married,1,No,1,36,3,3,36
1351,1,2,3,4,Married,9,No,1,9,3,2,2
474,3,1,3,4,Married,1,No,0,1,5,3,1
1245,14,3,3,2,Married,0,No,1,10,3,3,9
437,16,2,3,2,Single,2,No,0,8,5,4,3
884,1,2,3,3,Single,6,No,0,15,5,3,1
1370,3,2,3,1,Single,1,Yes,0,10,3,3,10
670,10,1,3,3,Single,3,Yes,0,10,4,3,5
1462,6,4,4,3,Married,2,No,1,11,3,3,7
995,2,1,3,4,Divorced,1,No,1,6,0,4,6
264,9,3,3,3,Married,4,Yes,1,27,2,3,1
977,10,4,4,3,Married,2,No,1,4,2,3,2
1302,6,1,4,1,Married,3,Yes,1,9,3,3,3
1059,9,4,2,4,Single,8,No,0,24,2,3,1
750,28,2,4,3,Married,1,No,2,10,3,2,10
653,10,4,2,3,Married,1,No,1,8,3,2,8
118,14,4,3,1,Married,1,No,1,5,2,3,5
990,27,4,4,2,Divorced,5,No,1,8,0,3,6
1349,7,3,2,4,Married,1,No,1,1,5,2,1
563,1,4,4,1,Single,1,No,0,27,5,1,26
329,24,3,3,2,Married,1,Yes,3,1,3,3,1
457,26,2,2,3,Married,1,Yes,0,4,2,2,4
1234,20,2,3,3,Married,2,Yes,1,32,3,3,30
634,5,2,4,4,Married,3,No,2,6,3,3,3
1313,7,2,3,4,Divorced,0,Yes,1,23,4,2,22
241,7,2,2,2,Married,1,No,1,6,3,2,6
1015,5,3,1,1,Single,1,Yes,0,10,3,3,10
336,26,1,2,1,Married,1,No,1,10,2,3,10
715,2,4,3,1,Single,7,No,0,10,3,3,5
559,12,3,3,3,Married,9,Yes,2,7,2,3,3
426,10,3,4,4,Divorced,1,No,1,9,3,3,9
722,25,3,3,1,Married,1,No,1,10,3,2,9
1387,10,2,3,1,Married,2,No,3,10,3,3,7
1302,19,4,2,1,Divorced,1,No,2,7,3,3,7
819,18,2,4,1,Married,1,No,0,16,2,3,16
580,27,2,1,1,Divorced,0,No,1,6,5,2,5
546,5,3,3,4,Single,1,No,0,3,2,3,2
544,3,2,3,4,Single,1,Yes,0,0,2,4,0
1176,26,4,3,3,Married,3,No,1,27,2,3,5
170,3,3,2,3,Divorced,0,No,1,11,3,3,10
884,15,1,2,3,Married,1,No,2,18,2,3,18
208,8,3,3,3,Married,1,No,1,15,5,3,14
671,19,3,3,3,Married,3,No,3,9,2,2,4
711,4,1,3,3,Single,0,No,0,10,2,1,9
1329,2,4,2,4,Divorced,1,No,2,10,3,3,10
397,2,4,2,3,Married,3,Yes,1,10,6,4,5
737,10,4,2,1,Married,9,No,0,15,3,3,13
1470,10,2,3,2,Married,1,No,1,8,2,1,8
448,16,3,3,4,Single,6,Yes,0,18,2,2,4
602,1,1,3,4,Married,4,Yes,0,14,3,3,10
365,4,3,2,4,Married,2,No,1,23,3,3,2
763,15,1,1,4,Divorced,6,Yes,2,7,2,2,2
567,2,1,3,4,Single,1,Yes,0,6,2,3,6
486,8,2,4,3,Married,7,No,0,5,0,3,3
591,2,4,3,4,Single,2,No,0,6,0,2,4
1329,7,1,3,1,Single,3,Yes,0,10,3,1,4
469,10,3,2,3,Single,9,No,0,8,2,3,5
711,5,2,3,1,Married,4,No,2,9,6,3,3
772,2,4,4,3,Divorced,1,No,2,7,6,3,7
492,12,4,3,2,Married,4,No,0,7,3,3,5
301,22,1,3,2,Married,3,No,2,27,2,3,4
813,17,4,2,1,Divorced,5,No,3,19,3,3,14
1141,2,3,3,3,Single,1,No,0,2,3,3,2
1130,3,4,3,2,Divorced,1,No,1,11,2,3,11
311,7,1,3,2,Single,2,No,0,15,4,3,4
465,6,3,2,3,Married,2,Yes,1,30,3,3,15
894,1,4,2,3,Married,0,No,0,4,6,3,3
1040,3,4,4,1,Divorced,6,No,1,13,3,3,5
584,22,2,3,3,Married,3,No,1,36,6,3,10
1291,15,3,2,3,Married,1,No,1,14,3,3,14
880,12,4,3,4,Single,3,Yes,0,13,2,4,11
1189,1,4,3,4,Married,7,No,2,19,4,4,13
991,5,1,2,2,Divorced,1,Yes,1,10,3,2,10
392,2,4,3,4,Divorced,1,No,2,6,5,3,6
977,2,4,3,2,Divorced,0,No,2,10,4,2,9
1112,5,1,3,4,Married,1,No,2,10,2,3,10
464,16,4,3,1,Divorced,4,Yes,1,17,2,2,2
148,2,4,2,2,Single,1,No,0,4,3,3,4
1225,2,2,4,2,Divorced,6,No,3,29,2,3,3
809,1,3,3,3,Single,4,No,0,23,2,3,8
1206,23,4,3,3,Single,3,Yes,0,21,2,3,2
727,9,4,3,1,Single,1,No,0,2,3,3,2
530,16,3,3,4,Divorced,1,Yes,1,7,2,3,6
1351,26,1,3,3,Married,6,No,2,10,2,2,3
528,1,3,3,4,Divorced,4,Yes,3,8,2,3,2
1320,8,4,2,3,Single,1,Yes,0,5,2,3,5
1495,4,4,3,3,Married,7,No,1,7,5,2,0
1395,24,2,4,4,Married,3,No,0,11,2,3,4
708,7,4,3,3,Married,2,Yes,2,19,3,3,9
1259,2,4,3,2,Single,1,No,0,1,2,3,1
786,7,4,3,4,Single,1,No,0,7,5,3,7
1441,22,1,2,2,Divorced,5,No,1,8,1,3,4
1157,5,2,2,4,Married,1,No,1,15,3,4,15
370,1,3,1,4,Divorced,3,No,1,19,2,4,1
267,21,2,4,2,Married,1,No,3,14,6,3,14
1278,1,3,1,4,Divorced,1,No,2,6,2,2,6
678,19,2,2,4,Married,1,No,0,10,3,3,10
427,7,3,3,4,Divorced,1,Yes,1,3,2,3,3
921,2,3,4,4,Married,1,Yes,1,9,2,3,8
146,2,1,2,4,Single,0,Yes,0,6,2,4,5
1179,2,4,3,4,Married,1,Yes,1,10,3,3,10
581,9,3,4,3,Married,1,No,1,5,1,3,5
918,6,4,3,3,Single,1,No,0,10,3,3,10
1082,9,4,3,3,Married,9,No,1,9,2,3,5
530,2,3,3,4,Single,3,No,0,17,2,2,13
1238,1,3,2,3,Married,3,No,1,25,3,2,23
240,22,4,1,3,Married,1,No,1,1,2,3,1
1093,9,3,1,3,Married,7,No,0,25,3,1,23
390,17,4,1,3,Married,1,No,3,3,3,4,3
1005,28,4,2,2,Single,1,No,0,21,2,3,21
585,10,1,3,3,Married,6,No,1,10,3,2,5
741,2,2,3,3,Married,1,No,1,6,2,4,5
552,4,3,1,2,Married,6,No,1,10,4,3,3
369,8,2,3,1,Married,2,Yes,1,18,3,3,1
506,29,2,3,1,Divorced,1,No,3,6,2,4,6
717,13,3,3,2,Single,6,No,0,19,3,3,10
1370,27,4,3,3,Married,2,No,1,17,3,3,7
793,16,2,3,4,Married,1,No,1,10,2,2,10
543,2,3,3,2,Married,7,No,1,4,3,1,1
1277,2,3,3,4,Divorced,4,Yes,1,13,5,2,10
1456,13,2,2,1,Divorced,5,Yes,3,16,3,3,2
964,1,1,1,2,Single,6,No,0,10,2,3,0
160,4,3,3,2,Single,1,No,0,3,3,1,3
163,24,4,3,4,Single,2,No,0,9,3,2,5
792,1,4,3,4,Married,1,Yes,1,9,2,3,9
371,19,4,1,3,Married,3,No,1,10,2,1,4
611,7,2,3,2,Single,1,No,0,21,3,2,21
176,4,3,1,3,Married,4,No,2,9,2,4,5
1312,2,4,2,1,Single,0,No,0,10,2,3,9
897,10,1,3,4,Married,0,No,1,3,2,3,2
600,8,3,2,4,Divorced,6,No,1,6,0,2,4
1003,5,1,3,3,Married,1,No,1,6,3,3,5
1054,8,3,3,4,Single,1,No,0,6,5,2,6
428,9,2,1,2,Single,1,No,0,2,3,3,2
461,1,4,4,3,Single,8,Yes,0,10,5,4,3
979,15,3,2,1,Divorced,2,No,1,12,2,3,7
181,2,4,4,4,Married,0,Yes,3,6,3,3,5
1283,2,4,3,2,Single,8,No,0,13,2,2,11
1313,11,4,3,4,Single,3,No,0,8,1,4,5
211,16,1,3,1,Single,2,Yes,0,11,2,2,0
594,2,3,2,2,Married,4,No,1,9,4,2,6
1079,16,1,3,3,Married,2,No,3,10,2,3,1
590,4,4,2,1,Divorced,1,No,1,1,2,3,1
305,16,3,4,3,Married,3,No,1,10,3,3,7
953,5,2,3,2,Single,2,No,0,12,3,3,7
833,18,2,1,4,Married,3,Yes,1,15,2,3,1
807,17,3,2,3,Married,9,Yes,1,6,4,3,1
855,12,2,3,2,Divorced,8,No,3,7,6,2,5
478,2,3,2,1,Married,8,No,3,34,2,3,1
775,4,4,3,2,Divorced,5,No,2,11,2,2,9
548,9,3,3,1,Divorced,1,No,2,5,2,3,5
1375,10,4,3,3,Divorced,1,Yes,1,15,3,3,15
661,1,1,2,3,Married,4,Yes,3,27,2,2,3
244,2,2,3,4,Single,0,No,0,10,5,3,9
511,3,4,1,4,Single,5,No,0,6,3,3,2
337,7,2,3,2,Single,1,No,0,1,3,3,1
1153,6,4,2,3,Married,1,No,1,5,3,3,5
1294,8,3,3,1,Married,1,Yes,0,1,6,3,1
196,29,1,2,4,Married,1,No,2,13,3,3,12
942,3,1,3,3,Married,2,No,0,15,2,3,2
589,9,2,2,2,Married,1,No,2,5,2,3,5
734,2,3,3,4,Divorced,7,Yes,1,24,3,3,2
1383,10,4,3,1,Married,7,Yes,1,15,1,3,12
429,1,3,3,2,Divorced,1,Yes,3,6,2,2,5
1239,8,3,3,2,Divorced,2,No,0,19,4,2,10
303,27,3,3,4,Single,1,Yes,0,10,2,3,10
867,8,4,4,1,Married,6,No,1,14,1,3,10
1181,1,3,3,4,Married,1,No,1,5,6,4,5
1253,10,3,3,3,Single,7,No,0,9,3,3,4
849,26,2,2,2,Single,8,No,0,6,3,3,2
616,2,3,3,1,Married,4,No,1,7,5,2,4
1128,13,2,4,1,Married,5,No,2,10,2,2,0
1180,2,2,3,4,Divorced,2,No,1,15,6,3,7
1336,2,1,3,2,Divorced,5,No,3,13,3,3,11
234,9,4,3,1,Married,4,No,1,11,3,2,7
370,10,4,3,1,Single,1,No,0,10,4,1,10
766,20,3,3,4,Divorced,2,No,1,7,6,3,2
343,9,1,3,3,Single,4,No,0,7,2,2,3
447,5,2,4,2,Single,3,No,0,11,3,1,3
796,4,3,3,3,Divorced,0,Yes,1,23,3,4,22
1092,10,1,3,3,Single,9,No,0,9,3,3,7
920,20,4,3,2,Married,0,Yes,0,6,3,3,5
261,21,4,3,2,Married,4,No,1,13,2,4,9
1194,1,3,3,4,Divorced,4,No,1,12,3,3,5
810,8,2,4,3,Married,1,No,2,10,5,3,10
350,2,2,3,2,Divorced,4,No,1,37,0,2,16
185,23,2,1,3,Married,0,No,1,6,2,4,5
1001,4,3,2,2,Divorced,8,Yes,1,28,4,3,22
750,12,2,3,1,Divorced,2,No,1,15,3,3,7
431,7,4,3,4,Married,4,No,1,14,2,2,7
1125,7,1,3,1,Married,2,No,2,9,3,3,3
1217,1,3,3,1,Married,1,No,1,3,3,3,3
723,2,2,1,4,Married,2,Yes,2,20,4,2,4
572,10,3,3,4,Single,1,No,0,5,4,3,5
1216,15,1,3,3,Married,2,Yes,0,23,3,3,2
1431,14,2,3,3,Single,1,No,0,0,4,1,0
359,18,4,4,1,Married,0,No,0,2,4,3,1
350,13,1,2,1,Divorced,4,Yes,3,4,3,3,2
589,2,3,3,3,Married,4,No,2,10,3,4,8
430,2,4,3,2,Married,4,Yes,1,15,2,3,1
1422,2,1,3,4,Married,1,No,1,7,5,3,7
1297,5,4,3,4,Single,0,Yes,0,6,3,2,5
574,20,4,3,4,Married,1,No,0,11,3,4,11
1318,10,4,3,4,Single,8,No,0,4,2,4,0
355,10,3,3,3,Married,3,No,2,10,1,2,6
207,9,2,3,3,Single,4,No,0,7,2,3,2
706,2,4,3,4,Divorced,3,No,1,12,4,2,9
280,1,3,3,4,Divorced,1,No,1,3,2,3,3
726,29,4,1,3,Divorced,8,No,2,11,3,3,7
1142,8,4,3,3,Single,4,No,0,8,3,3,0
414,2,3,2,2,Single,7,Yes,0,7,3,2,2
1319,3,1,4,1,Divorced,2,No,1,25,5,3,19
728,23,2,2,3,Married,1,No,1,9,5,3,9
352,6,4,2,2,Married,1,No,0,1,3,3,1
823,6,1,2,3,Married,7,No,0,21,2,3,16
1224,10,4,2,2,Married,4,No,0,29,3,3,22
459,24,4,2,4,Single,1,Yes,0,1,3,2,1
1254,10,3,3,2,Married,5,No,3,14,2,3,8
1131,15,4,2,1,Married,0,No,1,8,2,2,7
835,19,4,3,4,Divorced,8,No,3,7,2,3,2
836,2,2,2,4,Married,8,No,1,19,2,4,5
1172,3,2,3,2,Married,1,No,1,1,3,3,1
945,9,2,3,4,Single,1,No,0,1,3,2,1
391,7,4,3,2,Single,1,Yes,0,1,2,3,1
1266,10,2,2,3,Married,1,Yes,1,10,4,3,10
311,20,2,3,3,Divorced,1,No,1,10,2,3,10
1480,4,3,3,4,Married,2,Yes,3,9,3,3,5
592,7,4,3,1,Single,3,No,0,11,2,3,3
783,7,4,3,1,Married,5,Yes,1,16,2,3,5
219,16,4,2,2,Married,0,Yes,0,4,2,3,3
556,25,2,2,4,Married,0,No,2,10,2,2,9
1213,2,2,2,4,Single,1,No,0,10,2,2,10
1137,1,1,3,1,Divorced,2,No,1,22,3,3,19
482,1,2,2,3,Married,1,Yes,1,1,3,2,1
511,2,1,4,3,Single,0,No,0,9,5,2,8
117,22,4,3,4,Divorced,3,No,1,24,3,3,22
170,1,2,4,1,Married,2,No,1,10,5,3,2
967,16,4,1,1,Married,1,Yes,1,5,2,3,5
1162,24,1,3,4,Single,1,No,0,5,3,3,4
335,17,3,2,2,Married,2,No,2,12,1,1,4
337,8,3,3,2,Married,5,No,1,14,3,3,5
1396,6,3,3,1,Married,9,No,1,18,3,4,13
1079,10,3,3,4,Divorced,2,Yes,1,8,2,3,5
735,3,4,2,4,Married,3,Yes,0,9,3,2,4
471,4,1,4,3,Divorced,8,No,1,4,0,2,2
1096,6,3,4,4,Married,0,No,1,8,3,3,7
1297,1,2,3,3,Single,4,No,0,12,3,3,4
217,10,2,3,3,Single,1,No,0,10,2,2,10
783,1,3,2,4,Married,1,Yes,1,7,2,3,7
746,24,3,4,1,Single,1,No,0,1,3,3,1
1251,21,1,1,3,Married,6,No,1,10,1,3,3
1354,2,2,3,2,Married,1,No,1,6,3,2,5
735,22,3,2,4,Married,1,Yes,0,16,3,3,15
1475,13,4,3,3,Single,3,Yes,0,6,0,3,2
1169,14,3,3,2,Married,8,No,1,16,4,4,8
1443,11,4,2,1,Married,4,No,1,6,3,3,0
867,9,1,3,1,Married,1,No,1,10,3,3,10
1394,8,4,2,2,Divorced,1,Yes,1,20,3,3,20
605,21,4,3,4,Married,4,Yes,1,29,2,2,1
238,5,1,4,3,Single,3,Yes,0,8,2,3,4
1206,9,2,3,4,Divorced,2,No,2,10,0,4,5
1064,2,2,3,4,Married,3,No,0,28,3,3,5
419,12,2,3,4,Divorced,3,Yes,2,14,4,3,0
1337,22,1,2,2,Married,1,No,0,1,2,3,1
682,18,2,3,1,Married,0,No,1,6,2,1,5
1103,16,3,3,3,Single,1,No,0,5,3,2,5
976,3,3,3,1,Divorced,1,Yes,1,4,3,4,4
1351,9,1,4,2,Married,1,No,0,5,3,3,5
937,1,1,3,4,Single,1,No,0,14,3,2,14
1239,13,4,3,3,Divorced,1,No,1,9,2,2,8
157,1,3,3,1,Single,0,No,0,8,6,2,7
136,1,1,3,1,Married,0,No,1,6,5,2,5
1146,15,3,3,4,Divorced,5,No,1,9,6,3,5
1125,1,4,1,1,Married,1,No,0,10,6,3,10
1404,17,3,2,4,Divorced,5,No,1,6,2,2,4
1404,1,1,2,1,Single,4,No,0,20,3,2,1
1224,7,3,3,4,Married,1,Yes,0,10,2,3,10
954,9,4,3,4,Single,1,No,0,7,5,3,7
1373,5,4,2,4,Single,8,No,0,8,1,3,1
754,26,1,3,4,Married,1,Yes,0,10,4,3,10
1168,24,1,3,1,Single,6,Yes,0,15,2,2,2
155,9,1,3,3,Married,3,No,2,9,6,2,4
1303,7,4,3,3,Divorced,1,No,3,9,2,3,9
574,11,1,3,3,Married,1,No,1,10,1,3,10
1444,1,4,3,2,Married,0,Yes,1,7,2,3,6
189,26,3,4,2,Married,4,Yes,1,35,0,3,10
1276,2,4,1,4,Divorced,1,Yes,3,1,4,3,1
119,15,2,3,1,Single,0,No,0,21,3,3,20
335,23,4,2,3,Single,1,No,0,20,2,3,20
697,10,3,3,3,Married,4,No,1,13,2,4,11
157,10,3,3,1,Single,6,Yes,0,9,3,3,5
771,1,2,2,3,Single,1,No,0,4,2,2,4
571,12,4,3,4,Single,1,No,0,5,6,4,5
692,11,4,3,3,Married,1,No,1,10,2,4,10
444,2,2,3,2,Married,3,No,1,15,4,3,11
309,2,3,3,2,Married,4,No,0,6,3,3,2
911,1,4,3,2,Married,1,No,0,12,6,2,12
977,2,4,3,3,Divorced,6,Yes,1,7,2,2,2
1180,25,1,3,3,Single,2,No,0,25,3,3,17
1313,1,2,2,3,Divorced,1,No,3,1,2,2,1
1321,1,4,3,2,Married,0,No,2,16,3,3,15
1154,2,1,3,3,Married,0,No,1,3,1,3,2
508,6,1,2,3,Married,2,No,1,10,1,3,8
557,18,4,3,1,Divorced,6,Yes,1,9,3,2,4
642,1,4,3,4,Married,3,No,1,12,3,3,5
1162,1,3,3,2,Married,0,No,2,14,3,1,13
1490,11,4,3,3,Married,7,Yes,1,5,3,3,2
581,1,4,3,3,Single,0,No,0,4,2,4,3
1395,9,2,3,3,Single,1,No,0,10,5,3,10
501,15,2,3,4,Married,0,Yes,1,10,6,3,9
267,29,3,2,2,Single,1,No,0,6,3,3,6
543,1,1,3,4,Married,8,No,2,8,3,2,1
234,1,2,2,2,Married,0,No,1,3,2,3,2
116,24,1,3,4,Single,7,No,0,18,2,3,7
201,10,2,1,3,Married,3,No,1,20,3,3,18
801,1,3,3,4,Married,1,No,2,14,3,3,14
161,10,3,4,4,Married,1,Yes,1,16,2,3,16
1382,8,1,3,3,Divorced,0,Yes,1,6,3,2,5
585,29,1,3,4,Divorced,2,No,2,16,3,2,9
1037,1,2,3,4,Single,6,Yes,0,6,2,3,4
501,5,3,3,1,Single,1,Yes,0,2,6,3,2
105,9,4,3,4,Single,2,No,0,21,3,2,6
638,9,4,3,1,Married,1,No,1,1,3,2,1
557,3,1,2,4,Married,0,No,2,10,2,3,9
688,4,4,3,2,Divorced,7,No,3,18,3,3,4
667,1,3,3,3,Divorced,1,No,1,13,2,2,13
1092,1,1,3,4,Married,9,Yes,3,4,3,4,2
300,2,1,3,3,Married,5,No,0,24,2,2,22
310,7,4,3,3,Married,8,No,1,14,4,1,10
582,28,1,2,2,Married,0,No,1,21,3,3,20
704,28,4,2,3,Married,1,No,2,8,2,3,8
301,15,4,1,4,Divorced,1,No,1,15,4,2,15
930,3,3,2,2,Divorced,2,No,1,14,5,3,5
529,2,4,3,1,Single,1,No,0,4,4,3,4
1146,26,3,3,4,Single,1,Yes,0,9,2,3,9
345,10,1,3,4,Married,1,No,1,10,1,3,10
878,1,2,3,3,Divorced,7,No,2,12,3,3,6
1120,11,2,2,4,Married,4,No,1,8,2,2,6
374,20,4,3,3,Single,8,No,0,8,3,3,5
1322,2,3,2,3,Single,2,No,0,8,2,3,2
1199,18,3,3,3,Married,1,Yes,2,10,2,4,10
1194,2,3,3,3,Married,2,No,3,20,2,3,5
287,1,3,1,4,Married,1,No,1,4,5,3,4
1378,13,4,2,2,Married,4,Yes,1,10,2,3,4
468,28,4,2,1,Single,1,No,0,5,3,1,5
410,28,4,2,1,Divorced,4,Yes,1,20,3,3,3
722,24,2,2,4,Married,0,No,1,21,2,2,20
325,5,2,3,1,Single,0,No,0,10,2,3,9
1167,5,4,2,3,Single,0,No,0,5,2,3,4
884,23,3,4,4,Married,4,No,1,17,3,3,5
613,6,4,2,1,Married,4,No,1,9,5,3,7
155,4,2,4,2,Married,1,Yes,1,6,0,3,6
1023,2,4,2,2,Married,2,No,0,17,3,2,9
628,8,2,4,3,Married,2,No,0,6,3,4,4
